{
  "experiment": "silence_gate",
  "config": {
    "whisper_size": "tiny",
    "max_epochs": 15,
    "batch_size": 16,
    "lr": 0.001,
    "gate_hidden_dim": 32,
    "gate_loss_weight": 1.0
  },
  "device": "mps",
  "training": [
    {
      "variant": "silence_gate",
      "training": {
        "train_loss": [
          3.507310246622096,
          3.169386033905285,
          3.2059288650917606,
          3.094049855983457,
          3.1128020153365323,
          3.165452574884425,
          3.0950119708503423,
          3.0616920673647408,
          3.131060468417972,
          3.0456469751603112,
          3.102351026162089,
          3.061375668594957,
          3.104069192982253,
          3.035137978345988,
          3.0250758165753755
        ],
        "gate_loss": [
          0.36054408456609904,
          0.31369101845102604,
          0.31332333952021996,
          0.26738879224025336,
          0.27286782979382485,
          0.2810183181297346,
          0.2556067412958465,
          0.24285855262888875,
          0.25967956815102244,
          0.23114620199083616,
          0.24735071068868958,
          0.23151873075013055,
          0.2439636162289694,
          0.22057854417482567,
          0.22287503417643756
        ],
        "time_minutes": 35.358201785882315
      },
      "trainable_params": 12353
    }
  ],
  "evaluations": [
    {
      "variant": "silence_gate",
      "gap_evaluation": {
        "gap_0": {
          "wer": 0.0836503347534997,
          "cer": 0.03451773397962888,
          "num_samples": 2620
        },
        "gap_5": {
          "wer": 0.12045419963481437,
          "cer": 0.06848028015630672,
          "num_samples": 2620
        },
        "gap_15": {
          "wer": 0.15088633597078516,
          "cer": 0.11167104410895917,
          "num_samples": 2620
        },
        "gap_30": {
          "wer": 0.20712872793670115,
          "cer": 0.16611859665606116,
          "num_samples": 2620
        },
        "multi_gap": {
          "wer": 0.24151704199634813,
          "cer": 0.18838305111286682,
          "num_samples": 2620
        }
      },
      "hallucination": {
        "silence": {
          "hallucination_rate": 1.0,
          "avg_output_length": 1.0,
          "num_samples": 30
        },
        "white_noise": {
          "hallucination_rate": 1.0,
          "avg_output_length": 1.0,
          "num_samples": 30
        }
      }
    }
  ]
}