{
  "experiment": "hard_gate_wer_comparison",
  "silence_threshold": 0.5,
  "soft_gate": {
    "gap_0": {
      "wer": 0.08207166768107121,
      "cer": 0.03345006512779996,
      "num_samples": 2620
    },
    "gap_5": {
      "wer": 0.10670267802799757,
      "cer": 0.05680354181347114,
      "num_samples": 2620
    },
    "gap_15": {
      "wer": 0.20648204503956177,
      "cer": 0.14619589588093357,
      "num_samples": 2620
    },
    "gap_30": {
      "wer": 0.32379793061472917,
      "cer": 0.2757005687116084,
      "num_samples": 2620
    },
    "multi_gap": {
      "wer": 0.2756200547778454,
      "cer": 0.22641697451118561,
      "num_samples": 2620
    }
  },
  "hard_gate": {
    "gap_0": {
      "wer": 0.0823950091296409,
      "cer": 0.034197433324080206,
      "num_samples": 2620
    },
    "gap_5": {
      "wer": 0.09966524650030432,
      "cer": 0.05123031040692419,
      "num_samples": 2620
    },
    "gap_15": {
      "wer": 0.15503271454656117,
      "cer": 0.10752137117151744,
      "num_samples": 2620
    },
    "gap_30": {
      "wer": 0.34485316494217894,
      "cer": 0.3012178542703195,
      "num_samples": 2620
    },
    "multi_gap": {
      "wer": 0.2981398356664638,
      "cer": 0.24014007815335994,
      "num_samples": 2620
    }
  }
}