{
  "experiment": "phase1_baseline",
  "whisper_size": "tiny",
  "device": "mps",
  "gap_evaluation": {
    "gap_0": {
      "wer": 0.07112299465240642,
      "cer": 0.030595813204508857,
      "num_samples": 100
    },
    "gap_5": {
      "wer": 0.0855614973262032,
      "cer": 0.04247181964573269,
      "num_samples": 100
    },
    "gap_15": {
      "wer": 0.11016042780748662,
      "cer": 0.06541867954911433,
      "num_samples": 100
    },
    "gap_30": {
      "wer": 0.15668449197860962,
      "cer": 0.11090982286634461,
      "num_samples": 100
    },
    "multi_gap": {
      "wer": 0.2192513368983957,
      "cer": 0.1749194847020934,
      "num_samples": 100
    }
  },
  "hallucination": {
    "silence": {
      "hallucination_rate": 1.0,
      "avg_output_length": 1.0,
      "num_samples": 10,
      "sample_outputs": [
        " you",
        " you",
        " you",
        " you",
        " you"
      ]
    },
    "white_noise": {
      "hallucination_rate": 1.0,
      "avg_output_length": 1.0,
      "num_samples": 10,
      "sample_outputs": [
        " you",
        " you",
        " you",
        " you",
        " you"
      ]
    }
  }
}