{
  "experiment": "silence_gate",
  "config": {
    "whisper_size": "tiny",
    "max_epochs": 15,
    "batch_size": 16,
    "lr": 0.001,
    "gate_hidden_dim": 32,
    "gate_loss_weight": 10.0
  },
  "device": "mps",
  "training": [
    {
      "variant": "silence_gate",
      "training": {
        "train_loss": [
          12.021519000303812,
          5.948491121803582,
          5.126656989145546,
          5.017243138904678,
          4.814995335467035,
          4.67724402789963,
          NaN,
          NaN,
          4.5329334362925096,
          4.581146128350796,
          4.377707498699593,
          4.548977327080412,
          4.40344075783671,
          4.395573108555884,
          4.391812032827452
        ],
        "gate_loss": [
          0.7774982432413368,
          0.21084253092468117,
          0.15223769027760575,
          0.11230626112297594,
          0.11698422841103383,
          0.08860012165702588,
          0.0961105784182775,
          0.08027267781757443,
          0.0715689545122688,
          0.06842943716939934,
          0.06486398446784672,
          0.06398670575139243,
          0.06142494817103088,
          0.056005178097448205,
          0.0638592241841821
        ],
        "time_minutes": 35.607701961199446
      },
      "trainable_params": 12353
    }
  ],
  "evaluations": [
    {
      "variant": "silence_gate",
      "gap_evaluation": {
        "gap_0": {
          "wer": 0.08161518563603165,
          "cer": 0.033503448570391406,
          "num_samples": 2620
        },
        "gap_5": {
          "wer": 0.09922778454047475,
          "cer": 0.05065021033076381,
          "num_samples": 2620
        },
        "gap_15": {
          "wer": 0.18744293974437007,
          "cer": 0.1297858256283231,
          "num_samples": 2620
        },
        "gap_30": {
          "wer": 0.44940657334144857,
          "cer": 0.3874748208095777,
          "num_samples": 2620
        },
        "multi_gap": {
          "wer": 0.27295724284844797,
          "cer": 0.21681151374089813,
          "num_samples": 2620
        }
      },
      "hallucination": {
        "silence": {
          "hallucination_rate": 1.0,
          "avg_output_length": 1.0,
          "num_samples": 30
        },
        "white_noise": {
          "hallucination_rate": 1.0,
          "avg_output_length": 1.0,
          "num_samples": 30
        }
      }
    }
  ]
}